Название;Сслыка;Цена;Место;Время с момента публикации
Диван;https://www.avito.ru//lipetsk/mebel_i_interer/divan_1854026592;12 900;р-н Советский;22 часа назад
Диван;https://www.avito.ru//lipetsk/mebel_i_interer/divan_1071498399;5 700;р-н Советский;3 дня назад
Угловой диван;https://www.avito.ru//lipetsk/mebel_i_interer/uglovoy_divan_1016934013;16 500;р-н Советский;6 дней назад
Диван;https://www.avito.ru//lipetsk/mebel_i_interer/divan_943410239;11 300;р-н Октябрьский;5 дней назад
Диван;https://www.avito.ru//lipetsk/mebel_i_interer/divan_1971864667;2 500;р-н Правобережный;56 минут назад
Диван из экокожи;https://www.avito.ru//lipetsk/mebel_i_interer/divan_iz_ekokozhi_1981737758;10 000;р-н Советский;58 минут назад
Диван новый;https://www.avito.ru//lipetsk/mebel_i_interer/divan_novyy_1956350672;4 990;р-н Советский;1 час назад
Диван;https://www.avito.ru//lipetsk/mebel_i_interer/divan_1981067304;Беспла;р-н Октябрьский;3 часа назад
Диван;https://www.avito.ru//lipetsk/mebel_i_interer/divan_1775433223;18 000;р-н Правобережный;2 часа назад
"Угловой диван""Арго 2"" Новинка";https://www.avito.ru//lipetsk/mebel_i_interer/uglovoy_divanargo_2_novinka_1973305233;60 000;р-н Советский;2 часа назад
Диван;https://www.avito.ru//lipetsk/mebel_i_interer/divan_1963491824;2 000;р-н Октябрьский;3 часа назад
Диван угловой;https://www.avito.ru//lipetsk/mebel_i_interer/divan_uglovoy_1930804771;38 000;р-н Правобережный;2 часа назад
"Диван угловой с ортопедическим эффектом ""Велес 2""";https://www.avito.ru//lipetsk/mebel_i_interer/divan_uglovoy_s_ortopedicheskim_effektom_veles_2_1593301502;43 000;р-н Советский;3 часа назад
Диван;https://www.avito.ru//lipetsk/mebel_i_interer/divan_1926301045;7 000;р-н Октябрьский;5 часов назад
Диван-тахта;https://www.avito.ru//lipetsk/mebel_i_interer/divan-tahta_1148845747;9 300;р-н Правобережный;4 часа назад
Диван;https://www.avito.ru//lipetsk/mebel_i_interer/divan_939466417;14 500;р-н Советский;4 часа назад
Диван угловой;https://www.avito.ru//lipetsk/mebel_i_interer/divan_uglovoy_1398889975;16 500;р-н Правобережный;6 часов назад
Диван;https://www.avito.ru//lipetsk/mebel_i_interer/divan_1977173081;3 500;р-н Октябрьский;9 часов назад
Диван кожаный;https://www.avito.ru//lipetsk/mebel_i_interer/divan_kozhanyy_1090616744;8 800;р-н Советский;6 часов назад
Диван угловой;https://www.avito.ru//lipetsk/mebel_i_interer/divan_uglovoy_1144764605;20 500;р-н Правобережный;6 часов назад
Диван б/у;https://www.avito.ru//lipetsk/mebel_i_interer/divan_bu_1976144569;5 000;р-н Советский;15 часов назад
Диван+2кресла;https://www.avito.ru//lipetsk/mebel_i_interer/divan2kresla_1985690882;3 000;р-н Октябрьский;20 часов назад
Диван;https://www.avito.ru//lipetsk/mebel_i_interer/divan_1971557978;6 000;р-н Советский;23 часа назад
Диван угловой;https://www.avito.ru//lipetsk/mebel_i_interer/divan_uglovoy_1966501884;10 500;р-н Советский;1 день назад
Диван;https://www.avito.ru//lipetsk/mebel_i_interer/divan_1969676023;8 000;р-н Октябрьский;1 день назад
Диван;https://www.avito.ru//lipetsk/mebel_i_interer/divan_1972166093;5 000;р-н Советский;21 час назад
Диван;https://www.avito.ru//lipetsk/mebel_i_interer/divan_1972749327;15 000;р-н Октябрьский;15 часов назад
Диван;https://www.avito.ru//lipetsk/mebel_i_interer/divan_1973846965;15 000;р-н Советский;1 день назад
Диван угловой;https://www.avito.ru//lipetsk/mebel_i_interer/divan_uglovoy_1980923731;18 000;р-н Советский;1 день назад
Диван угловой;https://www.avito.ru//lipetsk/mebel_i_interer/divan_uglovoy_1975702586;69 900;р-н Советский;15 часов назад
"Диван кровать ""книжка""";https://www.avito.ru//lipetsk/mebel_i_interer/divan_krovat_knizhka_1979834079;6 000;р-н Октябрьский;16 часов назад
Диван;https://www.avito.ru//lipetsk/mebel_i_interer/divan_1978467452;6 000;р-н Октябрьский;1 день назад
Диван;https://www.avito.ru//lipetsk/mebel_i_interer/divan_1968426484;14 000;р-н Советский;16 часов назад
Диван;https://www.avito.ru//lipetsk/mebel_i_interer/divan_1975408857;20 000;р-н Октябрьский;1 день назад
"Диван тахта ""2""";https://www.avito.ru//lipetsk/mebel_i_interer/divan_tahta_2_938523631;6 300;р-н Советский;19 часов назад
Диван Амстердам;https://www.avito.ru//lipetsk/mebel_i_interer/divan_amsterdam_1949036524;10 999;р-н Правобережный;22 часа назад
Диван+кресло;https://www.avito.ru//lipetsk/mebel_i_interer/divankreslo_1973410542;3 000;р-н Советский;21 час назад
Диван;https://www.avito.ru//lipetsk/mebel_i_interer/divan_1977419600;3 000;р-н Октябрьский;5 дней назад
Диван Дубай;https://www.avito.ru//lipetsk/mebel_i_interer/divan_dubay_1949654059;28 999;р-н Правобережный;22 часа назад
Диван;https://www.avito.ru//lipetsk/mebel_i_interer/divan_1965087975;2 500;р-н Левобережный;1 день назад
Диван;https://www.avito.ru//lipetsk/mebel_i_interer/divan_1953352683;500;р-н Октябрьский;1 неделю назад
Диван детский;https://www.avito.ru//lipetsk/mebel_i_interer/divan_detskiy_1970593993;1 500;р-н Советский;1 день назад
Диван;https://www.avito.ru//lipetsk/mebel_i_interer/divan_1954114337;15 500;р-н Октябрьский;23 часа назад
Диван;https://www.avito.ru//lipetsk/mebel_i_interer/divan_1107503824;7 500;р-н Советский;22 часа назад
Диван в хорошем состоянии;https://www.avito.ru//lipetsk/mebel_i_interer/divan_v_horoshem_sostoyanii_1983114138;5 500;р-н Октябрьский;2 дня назад
Диван-еврокнижка Глория;https://www.avito.ru//lipetsk/mebel_i_interer/divan-evroknizhka_gloriya_1920398450;15 000;р-н Правобережный;23 часа назад
Диван;https://www.avito.ru//lipetsk/mebel_i_interer/divan_1134137949;15 000;р-н Советский;3 дня назад
Диван;https://www.avito.ru//lipetsk/mebel_i_interer/divan_1198269506;11 500;р-н Правобережный;22 часа назад
Диван угловой;https://www.avito.ru//lipetsk/mebel_i_interer/divan_uglovoy_1215305506;20 000;р-н Советский;1 день назад
Диван;https://www.avito.ru//lipetsk/mebel_i_interer/divan_1023106198;8 200;р-н Правобережный;1 день назад
Диван угловой;https://www.avito.ru//lipetsk/mebel_i_interer/divan_uglovoy_1833294237;28 800;р-н Правобережный;1 день назад
Диван новый;https://www.avito.ru//lipetsk/mebel_i_interer/divan_novyy_1257674593;12 000;р-н Советский;1 день назад
Комплект диван и кресла;https://www.avito.ru//lipetsk/mebel_i_interer/komplekt_divan_i_kresla_1974567480;55 000;р-н Советский;3 недели назад
Диван-кровать;https://www.avito.ru//lipetsk/mebel_i_interer/divan-krovat_1965147128;7 000;р-н Октябрьский;2 недели назад
Диван кровать;https://www.avito.ru//lipetsk/mebel_i_interer/divan_krovat_962922713;7 500;р-н Правобережный;3 дня назад
Диван;https://www.avito.ru//lipetsk/mebel_i_interer/divan_1035946149;7 000;р-н Правобережный;3 дня назад
Диван аккордеон Браво 1300 нп;https://www.avito.ru//lipetsk/mebel_i_interer/divan_akkordeon_bravo_1300_np_1882781186;10 500;р-н Советский;20 июля 18:06
Диван;https://www.avito.ru//lipetsk/mebel_i_interer/divan_1857533092;10 000;р-н Октябрьский;3 недели назад
Диван;https://www.avito.ru//lipetsk/mebel_i_interer/divan_848137432;9 500;р-н Правобережный;5 дней назад
Диван;https://www.avito.ru//lipetsk/mebel_i_interer/divan_1940738984;6 500;р-н Октябрьский;3 недели назад
Диван;https://www.avito.ru//lipetsk/mebel_i_interer/divan_1134484121;14 500;р-н Советский;6 дней назад
"Угловой диван ""Премьер 2""";https://www.avito.ru//lipetsk/mebel_i_interer/uglovoy_divan_premer_2_1981235633;19 500;р-н Советский;3 дня назад
Диван;https://www.avito.ru//lipetsk/mebel_i_interer/divan_1503453714;13 500;р-н Правобережный;2 недели назад
Диван;https://www.avito.ru//lipetsk/mebel_i_interer/divan_1931139927;12 460;р-н Правобережный;3 недели назад
Диван в Липецке;https://www.avito.ru//lipetsk/mebel_i_interer/divan_v_lipetske_1084550322;17 500;р-н Советский;3 дня назад
Диван кожаный;https://www.avito.ru//lipetsk/mebel_i_interer/divan_kozhanyy_1013000875;9 000;р-н Советский;1 неделю назад
Диван, мини диван;https://www.avito.ru//lipetsk/mebel_i_interer/divan_mini_divan_1430536952;13 000;р-н Советский;21 июля 12:20
Диван;https://www.avito.ru//lipetsk/mebel_i_interer/divan_1902018012;150 000;р-н Советский;1 неделю назад
Диван;https://www.avito.ru//lipetsk/mebel_i_interer/divan_1113480625;13 500;р-н Советский;6 дней назад
Диван-кровать;https://www.avito.ru//lipetsk/mebel_i_interer/divan-krovat_1263179106;8 000;р-н Правобережный;6 дней назад
Диван угловой;https://www.avito.ru//lipetsk/mebel_i_interer/divan_uglovoy_1929576632;24 250;р-н Правобережный;4 дня назад
Диван;https://www.avito.ru//lipetsk/mebel_i_interer/divan_1664733690;18 400;р-н Октябрьский;4 дня назад
"Диван-ортопед ""Стефани А""";https://www.avito.ru//lipetsk/mebel_i_interer/divan-ortoped_stefani_a_1941308687;27 000;р-н Советский;2 недели назад
Диван угловой;https://www.avito.ru//lipetsk/mebel_i_interer/divan_uglovoy_1179263014;19 000;р-н Советский;5 дней назад
Диван угловой;https://www.avito.ru//lipetsk/mebel_i_interer/divan_uglovoy_1250751033;15 860;р-н Советский;3 недели назад
Диван;https://www.avito.ru//lipetsk/mebel_i_interer/divan_1925516467;12 000;р-н Октябрьский;2 недели назад
Диван;https://www.avito.ru//lipetsk/mebel_i_interer/divan_1858301578;6 000;р-н Советский;1 неделю назад
Диван;https://www.avito.ru//lipetsk/mebel_i_interer/divan_1966666777;6 000;р-н Правобережный;21 июля 12:35
Диван;https://www.avito.ru//lipetsk/mebel_i_interer/divan_1938275688;4 000;р-н Советский;20 июля 13:19
Диван;https://www.avito.ru//lipetsk/mebel_i_interer/divan_1965069558;15 000;р-н Советский;1 неделю назад
Диван;https://www.avito.ru//lipetsk/mebel_i_interer/divan_1951767417;5 000;р-н Октябрьский;2 недели назад
Диван;https://www.avito.ru//lipetsk/mebel_i_interer/divan_1105481982;9 100;р-н Правобережный;2 недели назад
Диван для салона красоты;https://www.avito.ru//lipetsk/mebel_i_interer/divan_dlya_salona_krasoty_1956649841;5 990;р-н Советский;2 недели назад
Диван кровать;https://www.avito.ru//lipetsk/mebel_i_interer/divan_krovat_1102685734;6 790;р-н Советский;5 дней назад
Диван;https://www.avito.ru//lipetsk/mebel_i_interer/divan_1929906148;24 100;р-н Октябрьский;3 дня назад
Диван-кровать Лидер-2 Люкс;https://www.avito.ru//lipetsk/mebel_i_interer/divan-krovat_lider-2_lyuks_1204237946;23 500;р-н Правобережный;1 неделю назад
Диван-кровать;https://www.avito.ru//lipetsk/mebel_i_interer/divan-krovat_1978800831;19 000;р-н Советский;3 недели назад
Диван;https://www.avito.ru//lipetsk/mebel_i_interer/divan_1619690256;16 500;р-н Советский;2 недели назад
Диван угловой;https://www.avito.ru//lipetsk/mebel_i_interer/divan_uglovoy_1527846306;24 500;р-н Советский;2 недели назад
Диван;https://www.avito.ru//lipetsk/mebel_i_interer/divan_984841566;7 200;р-н Советский;2 дня назад
Диван;https://www.avito.ru//lipetsk/mebel_i_interer/divan_1922644304;6 500;р-н Октябрьский;3 недели назад
Диван от производителя новый;https://www.avito.ru//lipetsk/mebel_i_interer/divan_ot_proizvoditelya_novyy_585898640;7 200;р-н Октябрьский;3 недели назад
Диван;https://www.avito.ru//lipetsk/mebel_i_interer/divan_1453566524;15 500;р-н Советский;5 дней назад
Диван;https://www.avito.ru//lipetsk/mebel_i_interer/divan_1974941116;80 000;р-н Советский;19 июля 17:08
Диван;https://www.avito.ru//lipetsk/mebel_i_interer/divan_1043502481;19 390;р-н Правобережный;3 недели назад
Диван;https://www.avito.ru//lipetsk/mebel_i_interer/divan_1003798420;6 000;р-н Правобережный;6 дней назад
Угловой диван;https://www.avito.ru//lipetsk/mebel_i_interer/uglovoy_divan_1983906687;17 000;р-н Советский;6 дней назад
Диван;https://www.avito.ru//lipetsk/mebel_i_interer/divan_1840247306;3 000;р-н Советский;2 недели назад
Диван;https://www.avito.ru//lipetsk/mebel_i_interer/divan_1084031581;7 500;р-н Правобережный;2 дня назад
Диван;https://www.avito.ru//lipetsk/mebel_i_interer/divan_1176875589;14 500;р-н Правобережный;5 дней назад
Диван;https://www.avito.ru//lipetsk/mebel_i_interer/divan_1972966961;7 000;р-н Советский;21 июля 13:34
Диван;https://www.avito.ru//lipetsk/mebel_i_interer/divan_1200278703;5 200;р-н Советский;1 неделю назад
Диван;https://www.avito.ru//lipetsk/mebel_i_interer/divan_1961159435;660;р-н Левобережный;2 недели назад
Диван;https://www.avito.ru//lipetsk/mebel_i_interer/divan_1072031631;14 900;р-н Советский;2 дня назад
"Диван евро-книжка ""Лига""";https://www.avito.ru//lipetsk/mebel_i_interer/divan_evro-knizhka_liga_1981094986;12 500;р-н Правобережный;3 дня назад
Диван;https://www.avito.ru//lipetsk/mebel_i_interer/divan_1958559157;5 000;р-н Советский;21 июля 11:12
Диван евро книжка;https://www.avito.ru//lipetsk/mebel_i_interer/divan_evro_knizhka_1926485412;3 000;р-н Левобережный;2 недели назад
Диван Чебурашка;https://www.avito.ru//lipetsk/mebel_i_interer/divan_cheburashka_1981072926;12 000;;5 дней назад
Диван;https://www.avito.ru//lipetsk/mebel_i_interer/divan_1624226017;18 990;р-н Советский;5 дней назад
Диван;https://www.avito.ru//lipetsk/mebel_i_interer/divan_1803826154;195 000;р-н Советский;2 недели назад
Диван угловой;https://www.avito.ru//lipetsk/mebel_i_interer/divan_uglovoy_1069426265;16 500;р-н Советский;1 неделю назад
Диван клик-клак Палермо;https://www.avito.ru//lipetsk/mebel_i_interer/divan_klik-klak_palermo_1894386111;15 000;р-н Советский;5 дней назад
Диван;https://www.avito.ru//lipetsk/mebel_i_interer/divan_1533038919;12 500;р-н Советский;1 день назад
Диван-кровать мини;https://www.avito.ru//lipetsk/mebel_i_interer/divan-krovat_mini_1966870135;6 000;р-н Октябрьский;3 недели назад
Диван;https://www.avito.ru//lipetsk/mebel_i_interer/divan_1966971590;25 000;р-н Советский;3 недели назад
Диван угловой;https://www.avito.ru//lipetsk/mebel_i_interer/divan_uglovoy_1145231714;18 500;р-н Советский;4 дня назад
Диван аккардион б/у;https://www.avito.ru//lipetsk/mebel_i_interer/divan_akkardion_bu_1974650135;11 000;р-н Советский;3 дня назад
Диван новый;https://www.avito.ru//lipetsk/mebel_i_interer/divan_novyy_1880912542;36 100;р-н Советский;5 дней назад
Диван-аккордеон;https://www.avito.ru//lipetsk/mebel_i_interer/divan-akkordeon_1920908407;12 000;р-н Правобережный;1 неделю назад
"Диван ""Лаура А""";https://www.avito.ru//lipetsk/mebel_i_interer/divan_laura_a_1973627662;35 000;р-н Советский;5 дней назад
Диван;https://www.avito.ru//lipetsk/mebel_i_interer/divan_1973414046;15 000;р-н Октябрьский;5 дней назад
Диван;https://www.avito.ru//lipetsk/mebel_i_interer/divan_1961378417;21 190;р-н Октябрьский;4 дня назад
Диван;https://www.avito.ru//lipetsk/mebel_i_interer/divan_1978539090;7 000;р-н Правобережный;1 неделю назад
Диван;https://www.avito.ru//lipetsk/mebel_i_interer/divan_1837665933;10 000;р-н Октябрьский;5 дней назад
Диван;https://www.avito.ru//lipetsk/mebel_i_interer/divan_1924206535;20 000;р-н Октябрьский;1 неделю назад
Диван;https://www.avito.ru//lipetsk/mebel_i_interer/divan_1170504636;5 500;р-н Октябрьский;2 дня назад
Диван;https://www.avito.ru//lipetsk/mebel_i_interer/divan_1952931287;63 000;р-н Советский;1 неделю назад
Диван;https://www.avito.ru//lipetsk/mebel_i_interer/divan_994214573;6 900;р-н Правобережный;5 дней назад
Диван мини;https://www.avito.ru//lipetsk/mebel_i_interer/divan_mini_1956217781;400;р-н Октябрьский;1 неделю назад
"Диван евро-книжка ""Волна""";https://www.avito.ru//lipetsk/mebel_i_interer/divan_evro-knizhka_volna_1981003220;13 000;р-н Правобережный;3 дня назад
Диван евро-книжка Престиж;https://www.avito.ru//lipetsk/mebel_i_interer/divan_evro-knizhka_prestizh_1981437234;Цена не указ;;5 дней назад
Диван угловой;https://www.avito.ru//lipetsk/mebel_i_interer/divan_uglovoy_1292987935;24 500;р-н Советский;2 недели назад
Диван аккордеон Фьюжн-2;https://www.avito.ru//lipetsk/mebel_i_interer/divan_akkordeon_fyuzhn-2_1021337029;17 500;р-н Правобережный;6 дней назад
Диван;https://www.avito.ru//lipetsk/mebel_i_interer/divan_1135026346;12 500;р-н Советский;5 дней назад
"Диван евро-книжка ""Лига""";https://www.avito.ru//lipetsk/mebel_i_interer/divan_evro-knizhka_liga_1981754805;14 500;р-н Советский;3 дня назад
Складной диван;https://www.avito.ru//lipetsk/mebel_i_interer/skladnoy_divan_1977811003;300;р-н Октябрьский;1 день назад
Диван;https://www.avito.ru//lipetsk/mebel_i_interer/divan_1957714089;7 000;р-н Октябрьский;3 недели назад
Диван офисный;https://www.avito.ru//lipetsk/mebel_i_interer/divan_ofisnyy_1961478583;7 000;р-н Советский;3 недели назад
Диванчик;https://www.avito.ru//lipetsk/mebel_i_interer/divanchik_1945385439;300;р-н Советский;1 неделю назад
"Диван ""Вегас""";https://www.avito.ru//lipetsk/mebel_i_interer/divan_vegas_1973655070;32 500;р-н Советский;2 дня назад
Диван;https://www.avito.ru//lipetsk/mebel_i_interer/divan_1929529912;11 900;р-н Правобережный;4 дня назад
Диван;https://www.avito.ru//lipetsk/mebel_i_interer/divan_1078487477;6 200;р-н Правобережный;1 день назад
Диван;https://www.avito.ru//lipetsk/mebel_i_interer/divan_1011151952;13 000;р-н Советский;6 дней назад
Диван угловой;https://www.avito.ru//lipetsk/mebel_i_interer/divan_uglovoy_1975261422;22 000;;1 неделю назад
Диван;https://www.avito.ru//lipetsk/mebel_i_interer/divan_1958327909;9 000;р-н Советский;2 недели назад
Диван;https://www.avito.ru//lipetsk/mebel_i_interer/divan_1870297250;14 000;р-н Советский;1 неделю назад
Диван;https://www.avito.ru//lipetsk/mebel_i_interer/divan_1670183544;16 500;р-н Правобережный;2 дня назад
Продам диван и два кресла;https://www.avito.ru//lipetsk/mebel_i_interer/prodam_divan_i_dva_kresla_1971765261;3 000;р-н Советский;2 дня назад
Диван угловой;https://www.avito.ru//lipetsk/mebel_i_interer/divan_uglovoy_1109267050;16 500;р-н Советский;2 недели назад
Диван угловой;https://www.avito.ru//lipetsk/mebel_i_interer/divan_uglovoy_1920079458;21 000;;3 недели назад
Диван и кресла;https://www.avito.ru//lipetsk/mebel_i_interer/divan_i_kresla_1974125455;109 500;р-н Советский;3 недели назад
Диван;https://www.avito.ru//lipetsk/mebel_i_interer/divan_1564589250;5 500;р-н Советский;1 неделю назад
Диван;https://www.avito.ru//lipetsk/mebel_i_interer/divan_834721863;9 600;р-н Октябрьский;3 недели назад
Диван;https://www.avito.ru//lipetsk/mebel_i_interer/divan_1666835506;11 400;р-н Октябрьский;2 недели назад
Диван;https://www.avito.ru//lipetsk/mebel_i_interer/divan_1603117212;7 800;р-н Советский;2 недели назад
Диван;https://www.avito.ru//lipetsk/mebel_i_interer/divan_834889933;18 080;р-н Правобережный;3 недели назад
Диван;https://www.avito.ru//lipetsk/mebel_i_interer/divan_975063696;18 400;р-н Правобережный;3 недели назад
Диван;https://www.avito.ru//lipetsk/mebel_i_interer/divan_1801246464;34 900;р-н Октябрьский;20 июля 18:27
Диван;https://www.avito.ru//lipetsk/mebel_i_interer/divan_1064885114;8 600;р-н Правобережный;3 недели назад
Диван;https://www.avito.ru//lipetsk/mebel_i_interer/divan_827698753;15 950;р-н Правобережный;20 июля 18:27
Диван кровать;https://www.avito.ru//lipetsk/mebel_i_interer/divan_krovat_1594762012;17 280;р-н Октябрьский;3 недели назад
Диван;https://www.avito.ru//lipetsk/mebel_i_interer/divan_889780073;7 900;р-н Октябрьский;3 недели назад
Диван кровать в Липецке;https://www.avito.ru//lipetsk/mebel_i_interer/divan_krovat_v_lipetske_951546994;8 290;р-н Советский;3 недели назад
Диван;https://www.avito.ru//lipetsk/mebel_i_interer/divan_811661787;15 950;р-н Правобережный;20 июля 20:24
Мягкая мебель (диван и 2 кресла);https://www.avito.ru//lipetsk/mebel_i_interer/myagkaya_mebel_divan_i_2_kresla_1955380973;18 000;р-н Советский;1 неделю назад
Мягкая мебель (диван и кресло);https://www.avito.ru//lipetsk/mebel_i_interer/myagkaya_mebel_divan_i_kreslo_1893197866;35 000;р-н Октябрьский;2 недели назад
"Модульный диван ""Арно 2Б""";https://www.avito.ru//lipetsk/mebel_i_interer/modulnyy_divan_arno_2b_1973505573;65 000;р-н Советский;1 неделю назад
Диван-кровать;https://www.avito.ru//lipetsk/mebel_i_interer/divan-krovat_667893220;17 280;р-н Правобережный;2 недели назад
Диван;https://www.avito.ru//lipetsk/mebel_i_interer/divan_1582322865;16 950;р-н Октябрьский;3 недели назад
Диван;https://www.avito.ru//lipetsk/mebel_i_interer/divan_951316527;5 700;р-н Советский;2 недели назад
"Бескаркасный диван ""модерн""";https://www.avito.ru//lipetsk/mebel_i_interer/beskarkasnyy_divan_modern_1362919019;4 399;р-н Октябрьский;1 неделю назад
Диван;https://www.avito.ru//lipetsk/mebel_i_interer/divan_1057719038;14 000;р-н Правобережный;3 недели назад
Диван;https://www.avito.ru//lipetsk/mebel_i_interer/divan_1111278174;5 500;р-н Советский;2 недели назад
"Диван угловой ""Спейс 2Б""";https://www.avito.ru//lipetsk/mebel_i_interer/divan_uglovoy_speys_2b_1941286586;47 000;р-н Советский;2 недели назад
Угловой диван;https://www.avito.ru//lipetsk/mebel_i_interer/uglovoy_divan_714567269;26 600;р-н Октябрьский;4 дня назад
Диван;https://www.avito.ru//lipetsk/mebel_i_interer/divan_1801315652;26 900;р-н Октябрьский;2 недели назад
Диван;https://www.avito.ru//lipetsk/mebel_i_interer/divan_1801863561;23 900;р-н Октябрьский;3 недели назад
Мини-диван;https://www.avito.ru//lipetsk/mebel_i_interer/mini-divan_857767969;11 900;р-н Правобережный;4 дня назад
Диван;https://www.avito.ru//lipetsk/mebel_i_interer/divan_829477050;15 950;р-н Октябрьский;3 недели назад
Диван;https://www.avito.ru//lipetsk/mebel_i_interer/divan_1079366457;5 800;р-н Советский;20 июля 13:59
Диван;https://www.avito.ru//lipetsk/mebel_i_interer/divan_1251972386;16 000;р-н Советский;2 недели назад
"Диван ""Милорд Б""";https://www.avito.ru//lipetsk/mebel_i_interer/divan_milord_b_1941553177;33 000;р-н Советский;3 недели назад
Диван;https://www.avito.ru//lipetsk/mebel_i_interer/divan_1078234329;7 800;р-н Правобережный;2 недели назад
Диван;https://www.avito.ru//lipetsk/mebel_i_interer/divan_1132991229;8 000;р-н Советский;3 недели назад
Мини диван;https://www.avito.ru//lipetsk/mebel_i_interer/mini_divan_1530948056;13 700;р-н Правобережный;4 дня назад
Диван;https://www.avito.ru//lipetsk/mebel_i_interer/divan_1560610971;16 500;р-н Советский;19 июля 19:43
Диван;https://www.avito.ru//lipetsk/mebel_i_interer/divan_954582704;6 200;р-н Советский;3 недели назад
Диван;https://www.avito.ru//lipetsk/mebel_i_interer/divan_826507420;18 400;р-н Октябрьский;3 недели назад
Диван;https://www.avito.ru//lipetsk/mebel_i_interer/divan_1201372026;8 000;р-н Правобережный;2 недели назад
Диван в кафе;https://www.avito.ru//lipetsk/mebel_i_interer/divan_v_kafe_1956482610;4 990;р-н Советский;2 недели назад
Диван в Липецке;https://www.avito.ru//lipetsk/mebel_i_interer/divan_v_lipetske_957093118;15 500;р-н Правобережный;3 недели назад
Диван;https://www.avito.ru//lipetsk/mebel_i_interer/divan_1833411561;26 900;р-н Правобережный;2 недели назад
Угловой диван;https://www.avito.ru//lipetsk/mebel_i_interer/uglovoy_divan_1376822744;59 900;р-н Октябрьский;2 недели назад
Диван;https://www.avito.ru//lipetsk/mebel_i_interer/divan_1033708288;7 700;р-н Советский;3 недели назад
Диван;https://www.avito.ru//lipetsk/mebel_i_interer/divan_1108230936;23 900;р-н Правобережный;3 недели назад
"Диван ""Твинго Б""";https://www.avito.ru//lipetsk/mebel_i_interer/divan_tvingo_b_1973841357;30 000;р-н Советский;2 недели назад
Угловой диван;https://www.avito.ru//lipetsk/mebel_i_interer/uglovoy_divan_844243414;22 890;р-н Правобережный;6 дней назад
Диван;https://www.avito.ru//lipetsk/mebel_i_interer/divan_1312250365;27 900;р-н Правобережный;19 июля 15:56
"Диван ""Атлант""";https://www.avito.ru//lipetsk/mebel_i_interer/divan_atlant_1941650789;28 500;р-н Советский;3 недели назад
Диван кожаный;https://www.avito.ru//lipetsk/mebel_i_interer/divan_kozhanyy_1028039701;8 800;р-н Советский;3 недели назад
Диван;https://www.avito.ru//lipetsk/mebel_i_interer/divan_883225555;7 500;р-н Правобережный;20 июля 18:26
Продаю диван-кровать;https://www.avito.ru//lipetsk/mebel_i_interer/prodayu_divan-krovat_1896891537;15 000;р-н Советский;3 недели назад
Мебель для лоджии;https://www.avito.ru//lipetsk/mebel_i_interer/mebel_dlya_lodzhii_1918919606;12 000;р-н Советский;5 дней назад
Диван книжка;https://www.avito.ru//lipetsk/mebel_i_interer/divan_knizhka_1929894021;13 000;р-н Октябрьский;3 недели назад
Кресло кровать;https://www.avito.ru//lipetsk/mebel_i_interer/kreslo_krovat_1090136612;7 990;р-н Советский;4 часа назад
Мягкая мебель;https://www.avito.ru//lipetsk/mebel_i_interer/myagkaya_mebel_1766494139;4 000;р-н Правобережный;1 неделю назад
"Тахта ""Глория-2""";https://www.avito.ru//lipetsk/mebel_i_interer/tahta_gloriya-2_1981286929;9 700;р-н Советский;2 недели назад
Кресло кокон из искусственного ротанга;https://www.avito.ru//lipetsk/mebel_i_interer/kreslo_kokon_iz_iskusstvennogo_rotanga_1938122227;12 900;р-н Советский;2 недели назад
"Тахта ""Глория""";https://www.avito.ru//lipetsk/mebel_i_interer/tahta_gloriya_1630250346;9 500;р-н Советский;3 недели назад
Мягкая мебель;https://www.avito.ru//lipetsk/mebel_i_interer/myagkaya_mebel_1532248600;3 000;р-н Октябрьский;1 неделю назад
Мягкая мебель;https://www.avito.ru//lipetsk/mebel_i_interer/myagkaya_mebel_1918401879;6 000;р-н Левобережный;6 дней назад
Матрас 140х185;https://www.avito.ru//lipetsk/mebel_i_interer/matras_140h185_1966627667;2 000;р-н Правобережный;1 неделю назад
Мягкая мебель;https://www.avito.ru//lipetsk/mebel_i_interer/myagkaya_mebel_1974605521;209 000;р-н Советский;2 недели назад
"Евродиван ""А4""";https://www.avito.ru//lipetsk/mebel_i_interer/evrodivan_a4_1434767828;20 000;р-н Советский;19 часов назад
"Тахта ""Глория-1""";https://www.avito.ru//lipetsk/mebel_i_interer/tahta_gloriya-1_1981651825;9 800;р-н Левобережный;2 недели назад
Диван книжка;https://www.avito.ru//lipetsk/mebel_i_interer/divan_knizhka_1102253594;6 700;р-н Советский;6 дней назад
Кровать двухьярусная;https://www.avito.ru//lipetsk/mebel_i_interer/krovat_dvuhyarusnaya_1951093052;28 800;р-н Октябрьский;6 дней назад
Кресло кровать;https://www.avito.ru//lipetsk/mebel_i_interer/kreslo_krovat_988227699;6 200;р-н Советский;3 недели назад
Диван книжка;https://www.avito.ru//lipetsk/mebel_i_interer/divan_knizhka_1358109870;8 300;р-н Советский;1 день назад
Диван книжка;https://www.avito.ru//lipetsk/mebel_i_interer/divan_knizhka_1919462836;9 400;р-н Правобережный;5 дней назад
"Комплект ""Бристоль""";https://www.avito.ru//lipetsk/mebel_i_interer/komplekt_bristol_1833901668;13 000;р-н Правобережный;2 недели назад
"Тахта ""Глория-1""";https://www.avito.ru//lipetsk/mebel_i_interer/tahta_gloriya-1_1981887551;9 800;р-н Советский;2 недели назад
"Тахта ""Глория-1""";https://www.avito.ru//lipetsk/mebel_i_interer/tahta_gloriya-1_1981572373;9 490;р-н Советский;2 недели назад
Кресло кровать;https://www.avito.ru//lipetsk/mebel_i_interer/kreslo_krovat_1088194714;8 400;р-н Советский;6 дней назад
Мебельный гарнитур;https://www.avito.ru//lipetsk/mebel_i_interer/mebelnyy_garnitur_1954703361;5 500;р-н Октябрьский;3 недели назад
"Тахта ""Глория-1""";https://www.avito.ru//lipetsk/mebel_i_interer/tahta_gloriya-1_1981578495;9 800;р-н Советский;2 недели назад
Евро книжка;https://www.avito.ru//lipetsk/mebel_i_interer/evro_knizhka_1579456544;18 400;р-н Октябрьский;4 дня назад
Аккордеон;https://www.avito.ru//lipetsk/mebel_i_interer/akkordeon_1929126353;19 390;р-н Правобережный;1 неделю назад
Мягкая мебель;https://www.avito.ru//lipetsk/mebel_i_interer/myagkaya_mebel_1855282656;35 000;р-н Правобережный;3 недели назад
Комплект мебели;https://www.avito.ru//lipetsk/mebel_i_interer/komplekt_mebeli_1576576529;37 000;р-н Правобережный;5 дней назад
Изголовье для кровати / мягкие панели;https://www.avito.ru//lipetsk/mebel_i_interer/izgolove_dlya_krovati_myagkie_paneli_1954476656;11 000;р-н Советский;1 день назад
Диван книжка;https://www.avito.ru//lipetsk/mebel_i_interer/divan_knizhka_1093132588;7 200;р-н Советский;4 дня назад
Аккордеон;https://www.avito.ru//lipetsk/mebel_i_interer/akkordeon_1897668352;19 390;р-н Правобережный;1 неделю назад
Диван книжка Уют;https://www.avito.ru//lipetsk/mebel_i_interer/divan_knizhka_uyut_1086869497;6 900;р-н Октябрьский;5 дней назад
Комплект мягкой мебели;https://www.avito.ru//lipetsk/mebel_i_interer/komplekt_myagkoy_mebeli_1906606702;17 000;р-н Октябрьский;3 недели назад
Продам мебель;https://www.avito.ru//lipetsk/mebel_i_interer/prodam_mebel_1193208816;Цена не указ;р-н Советский;2 недели назад
Диван книжка;https://www.avito.ru//lipetsk/mebel_i_interer/divan_knizhka_1158620701;9 100;р-н Октябрьский;2 дня назад
Диван книжка;https://www.avito.ru//lipetsk/mebel_i_interer/divan_knizhka_1217854866;9 100;р-н Правобережный;2 дня назад
Пружинный блок Бонель;https://www.avito.ru//lipetsk/mebel_i_interer/pruzhinnyy_blok_bonel_994003844;1 380;р-н Правобережный;2 недели назад
Мягкая мебель;https://www.avito.ru//lipetsk/mebel_i_interer/myagkaya_mebel_1974310905;108 400;р-н Советский;3 недели назад
"Диван книжка ""Уют""";https://www.avito.ru//lipetsk/mebel_i_interer/divan_knizhka_uyut_1115531758;7 290;р-н Советский;2 недели назад
Кресло мешок (кресло груша) от производителя;https://www.avito.ru//lipetsk/mebel_i_interer/kreslo_meshok_kreslo_grusha_ot_proizvoditelya_1033000089;1 600;р-н Октябрьский;1 неделю назад
Еврокнижка;https://www.avito.ru//lipetsk/mebel_i_interer/evroknizhka_1897319678;18 400;р-н Октябрьский;2 недели назад
Мягкая мебель;https://www.avito.ru//lipetsk/mebel_i_interer/myagkaya_mebel_1974367707;108 400;р-н Советский;2 недели назад
Диван книжка;https://www.avito.ru//lipetsk/mebel_i_interer/divan_knizhka_1071863344;5 200;р-н Советский;3 недели назад
"Диван книжка ""лодка""";https://www.avito.ru//lipetsk/mebel_i_interer/divan_knizhka_lodka_1981123585;11 500;;5 дней назад
"Диван-книжка ""Уют""";https://www.avito.ru//lipetsk/mebel_i_interer/divan-knizhka_uyut_1173959368;8 300;р-н Советский;6 дней назад
Диван книжка;https://www.avito.ru//lipetsk/mebel_i_interer/divan_knizhka_961333776;7 000;р-н Правобережный;6 дней назад
Дивау угловой;https://www.avito.ru//lipetsk/mebel_i_interer/divau_uglovoy_1590770144;24 500;р-н Советский;3 недели назад
Лига;https://www.avito.ru//lipetsk/mebel_i_interer/liga_1574830152;15 500;р-н Советский;3 недели назад
Диван книжка;https://www.avito.ru//lipetsk/mebel_i_interer/divan_knizhka_1938452086;7 600;р-н Правобережный;2 недели назад
Мягкая мебель;https://www.avito.ru//lipetsk/mebel_i_interer/myagkaya_mebel_1781575789;31 900;р-н Октябрьский;1 неделю назад
Диван книжка;https://www.avito.ru//lipetsk/mebel_i_interer/divan_knizhka_1929894021;13 000;р-н Октябрьский;3 недели назад
Кресло кровать;https://www.avito.ru//lipetsk/mebel_i_interer/kreslo_krovat_1090136612;7 990;р-н Советский;4 часа назад
Мебель для лоджии;https://www.avito.ru//lipetsk/mebel_i_interer/mebel_dlya_lodzhii_1918919606;12 000;р-н Советский;5 дней назад
"Тахта ""Глория-1""";https://www.avito.ru//lipetsk/mebel_i_interer/tahta_gloriya-1_1981651825;9 800;р-н Левобережный;2 недели назад
Мягкая мебель;https://www.avito.ru//lipetsk/mebel_i_interer/myagkaya_mebel_1918401879;6 000;р-н Левобережный;6 дней назад
Мягкая мебель;https://www.avito.ru//lipetsk/mebel_i_interer/myagkaya_mebel_1766494139;4 000;р-н Правобережный;1 неделю назад
"Тахта ""Глория-2""";https://www.avito.ru//lipetsk/mebel_i_interer/tahta_gloriya-2_1981286929;9 700;р-н Советский;2 недели назад
"Тахта ""Глория""";https://www.avito.ru//lipetsk/mebel_i_interer/tahta_gloriya_1630250346;9 500;р-н Советский;3 недели назад
"Евродиван ""А4""";https://www.avito.ru//lipetsk/mebel_i_interer/evrodivan_a4_1434767828;20 000;р-н Советский;19 часов назад
Мягкая мебель;https://www.avito.ru//lipetsk/mebel_i_interer/myagkaya_mebel_1532248600;3 000;р-н Октябрьский;1 неделю назад
Диван книжка;https://www.avito.ru//lipetsk/mebel_i_interer/divan_knizhka_1358109870;8 300;р-н Советский;1 день назад
Аккордеон;https://www.avito.ru//lipetsk/mebel_i_interer/akkordeon_1929126353;19 390;р-н Правобережный;1 неделю назад
Мягкая мебель;https://www.avito.ru//lipetsk/mebel_i_interer/myagkaya_mebel_1855282656;35 000;р-н Правобережный;3 недели назад
Матрас 140х185;https://www.avito.ru//lipetsk/mebel_i_interer/matras_140h185_1966627667;2 000;р-н Правобережный;1 неделю назад
Кресло кокон из искусственного ротанга;https://www.avito.ru//lipetsk/mebel_i_interer/kreslo_kokon_iz_iskusstvennogo_rotanga_1938122227;12 900;р-н Советский;2 недели назад
Комплект мебели;https://www.avito.ru//lipetsk/mebel_i_interer/komplekt_mebeli_1576576529;37 000;р-н Правобережный;5 дней назад
"Комплект ""Бристоль""";https://www.avito.ru//lipetsk/mebel_i_interer/komplekt_bristol_1833901668;13 000;р-н Правобережный;2 недели назад
Мягкая мебель;https://www.avito.ru//lipetsk/mebel_i_interer/myagkaya_mebel_1974605521;209 000;р-н Советский;2 недели назад
Диван книжка;https://www.avito.ru//lipetsk/mebel_i_interer/divan_knizhka_1102253594;6 700;р-н Советский;6 дней назад
Кровать двухьярусная;https://www.avito.ru//lipetsk/mebel_i_interer/krovat_dvuhyarusnaya_1951093052;28 800;р-н Октябрьский;6 дней назад
Диван книжка;https://www.avito.ru//lipetsk/mebel_i_interer/divan_knizhka_1919462836;9 400;р-н Правобережный;5 дней назад
Кресло кровать;https://www.avito.ru//lipetsk/mebel_i_interer/kreslo_krovat_988227699;6 200;р-н Советский;3 недели назад
"Тахта ""Глория-1""";https://www.avito.ru//lipetsk/mebel_i_interer/tahta_gloriya-1_1981887551;9 800;р-н Советский;2 недели назад
"Тахта ""Глория-1""";https://www.avito.ru//lipetsk/mebel_i_interer/tahta_gloriya-1_1981572373;9 490;р-н Советский;2 недели назад
Мебельный гарнитур;https://www.avito.ru//lipetsk/mebel_i_interer/mebelnyy_garnitur_1954703361;5 500;р-н Октябрьский;3 недели назад
Аккордеон;https://www.avito.ru//lipetsk/mebel_i_interer/akkordeon_1897668352;19 390;р-н Правобережный;1 неделю назад
Диван книжка;https://www.avito.ru//lipetsk/mebel_i_interer/divan_knizhka_1093132588;7 200;р-н Советский;4 дня назад
"Тахта ""Глория-1""";https://www.avito.ru//lipetsk/mebel_i_interer/tahta_gloriya-1_1981578495;9 800;р-н Советский;2 недели назад
Евро книжка;https://www.avito.ru//lipetsk/mebel_i_interer/evro_knizhka_1579456544;18 400;р-н Октябрьский;4 дня назад
Диван книжка Уют;https://www.avito.ru//lipetsk/mebel_i_interer/divan_knizhka_uyut_1086869497;6 900;р-н Октябрьский;5 дней назад
Кресло кровать;https://www.avito.ru//lipetsk/mebel_i_interer/kreslo_krovat_1088194714;8 400;р-н Советский;6 дней назад
Изголовье для кровати / мягкие панели;https://www.avito.ru//lipetsk/mebel_i_interer/izgolove_dlya_krovati_myagkie_paneli_1954476656;11 000;р-н Советский;1 день назад
Комплект мягкой мебели;https://www.avito.ru//lipetsk/mebel_i_interer/komplekt_myagkoy_mebeli_1906606702;17 000;р-н Октябрьский;3 недели назад
Продам мебель;https://www.avito.ru//lipetsk/mebel_i_interer/prodam_mebel_1193208816;Цена не указ;р-н Советский;2 недели назад
Диван книжка;https://www.avito.ru//lipetsk/mebel_i_interer/divan_knizhka_1158620701;9 100;р-н Октябрьский;2 дня назад
Мягкая мебель;https://www.avito.ru//lipetsk/mebel_i_interer/myagkaya_mebel_1974310905;108 400;р-н Советский;3 недели назад
Диван книжка;https://www.avito.ru//lipetsk/mebel_i_interer/divan_knizhka_1217854866;9 100;р-н Правобережный;2 дня назад
"Диван книжка ""Уют""";https://www.avito.ru//lipetsk/mebel_i_interer/divan_knizhka_uyut_1115531758;7 290;р-н Советский;2 недели назад
Диван книжка;https://www.avito.ru//lipetsk/mebel_i_interer/divan_knizhka_1071863344;5 200;р-н Советский;3 недели назад
Мягкая мебель;https://www.avito.ru//lipetsk/mebel_i_interer/myagkaya_mebel_1974367707;108 400;р-н Советский;2 недели назад
Дивау угловой;https://www.avito.ru//lipetsk/mebel_i_interer/divau_uglovoy_1590770144;24 500;р-н Советский;3 недели назад
Пружинный блок Бонель;https://www.avito.ru//lipetsk/mebel_i_interer/pruzhinnyy_blok_bonel_994003844;1 380;р-н Правобережный;2 недели назад
Еврокнижка;https://www.avito.ru//lipetsk/mebel_i_interer/evroknizhka_1897319678;18 400;р-н Октябрьский;2 недели назад
"Диван книжка ""лодка""";https://www.avito.ru//lipetsk/mebel_i_interer/divan_knizhka_lodka_1981123585;11 500;;5 дней назад
"Диван-книжка ""Уют""";https://www.avito.ru//lipetsk/mebel_i_interer/divan-knizhka_uyut_1173959368;8 300;р-н Советский;6 дней назад
Кресло мешок (кресло груша) от производителя;https://www.avito.ru//lipetsk/mebel_i_interer/kreslo_meshok_kreslo_grusha_ot_proizvoditelya_1033000089;1 600;р-н Октябрьский;1 неделю назад
Диван книжка;https://www.avito.ru//lipetsk/mebel_i_interer/divan_knizhka_961333776;7 000;р-н Правобережный;6 дней назад
Лига;https://www.avito.ru//lipetsk/mebel_i_interer/liga_1574830152;15 500;р-н Советский;3 недели назад
Мягкая мебель;https://www.avito.ru//lipetsk/mebel_i_interer/myagkaya_mebel_1781575789;31 900;р-н Октябрьский;1 неделю назад
Диван книжка;https://www.avito.ru//lipetsk/mebel_i_interer/divan_knizhka_1057832251;17 500;р-н Советский;2 недели назад
Диван кожаный;https://www.avito.ru//lipetsk/mebel_i_interer/divan_kozhanyy_1192019389;8 800;р-н Октябрьский;6 дней назад
Диван;https://www.avito.ru//lipetsk/mebel_i_interer/divan_1887239717;11 000;р-н Октябрьский;3 недели назад
Диван;https://www.avito.ru//lipetsk/mebel_i_interer/divan_1143689076;14 500;р-н Правобережный;5 дней назад
Диван;https://www.avito.ru//lipetsk/mebel_i_interer/divan_1278100032;28 700;р-н Октябрьский;1 неделю назад
"Диван ""Кантри 3""";https://www.avito.ru//lipetsk/mebel_i_interer/divan_kantri_3_1963294530;32 540;р-н Октябрьский;1 неделю назад
Диван;https://www.avito.ru//lipetsk/mebel_i_interer/divan_1539905040;11 500;р-н Советский;1 неделю назад
Диван;https://www.avito.ru//lipetsk/mebel_i_interer/divan_1928947952;7 900;р-н Октябрьский;2 недели назад
Диван;https://www.avito.ru//lipetsk/mebel_i_interer/divan_1522518021;14 500;р-н Советский;1 неделю назад
Диван;https://www.avito.ru//lipetsk/mebel_i_interer/divan_1077466689;37 400;р-н Правобережный;1 неделю назад
Диван-кровать;https://www.avito.ru//lipetsk/mebel_i_interer/divan-krovat_1870133413;27 400;р-н Правобережный;1 неделю назад
Диван;https://www.avito.ru//lipetsk/mebel_i_interer/divan_1677464783;8 800;р-н Правобережный;4 дня назад
Диван;https://www.avito.ru//lipetsk/mebel_i_interer/divan_1125504044;12 000;р-н Советский;2 недели назад
Диван;https://www.avito.ru//lipetsk/mebel_i_interer/divan_1567023220;6 200;р-н Советский;3 недели назад
Мини диван в отличном состоянии;https://www.avito.ru//lipetsk/mebel_i_interer/mini_divan_v_otlichnom_sostoyanii_1970315795;7 000;р-н Октябрьский;6 дней назад
Диван угловой;https://www.avito.ru//lipetsk/mebel_i_interer/divan_uglovoy_976394435;19 900;р-н Правобережный;1 неделю назад
Диван;https://www.avito.ru//lipetsk/mebel_i_interer/divan_1876003393;6 000;;19 июля 21:26
Диван;https://www.avito.ru//lipetsk/mebel_i_interer/divan_1056519709;34 900;р-н Правобережный;1 неделю назад
Диван;https://www.avito.ru//lipetsk/mebel_i_interer/divan_1976874042;7 000;р-н Советский;19 июля 16:23
Диван;https://www.avito.ru//lipetsk/mebel_i_interer/divan_1141506003;11 000;р-н Советский;3 недели назад
Диван прямой;https://www.avito.ru//lipetsk/mebel_i_interer/divan_pryamoy_1956783120;4 990;р-н Советский;5 дней назад
Диван-кровать;https://www.avito.ru//lipetsk/mebel_i_interer/divan-krovat_780582548;17 280;р-н Октябрьский;6 дней назад
Диван;https://www.avito.ru//lipetsk/mebel_i_interer/divan_1379575607;11 000;р-н Советский;2 недели назад
Диван - аккордеон;https://www.avito.ru//lipetsk/mebel_i_interer/divan_-_akkordeon_1507536201;18 600;р-н Правобережный;4 дня назад
Диван;https://www.avito.ru//lipetsk/mebel_i_interer/divan_1551124693;7 600;р-н Правобережный;3 дня назад
Диван угловой;https://www.avito.ru//lipetsk/mebel_i_interer/divan_uglovoy_1006025323;19 000;р-н Правобережный;3 недели назад
Диван;https://www.avito.ru//lipetsk/mebel_i_interer/divan_982553891;9 100;р-н Советский;4 дня назад
Диван угловой;https://www.avito.ru//lipetsk/mebel_i_interer/divan_uglovoy_1719417799;38 900;р-н Правобережный;1 неделю назад
Диван;https://www.avito.ru//lipetsk/mebel_i_interer/divan_1317892492;13 500;р-н Советский;2 недели назад
Угловой диван;https://www.avito.ru//lipetsk/mebel_i_interer/uglovoy_divan_1216942115;24 000;р-н Советский;6 дней назад
Диван;https://www.avito.ru//lipetsk/mebel_i_interer/divan_1865258274;20 400;р-н Правобережный;2 недели назад
Диван экокожа;https://www.avito.ru//lipetsk/mebel_i_interer/divan_ekokozha_1956088046;4 990;р-н Советский;1 неделю назад
Диван;https://www.avito.ru//lipetsk/mebel_i_interer/divan_828625728;7 900;р-н Октябрьский;20 июля 18:28
Диван;https://www.avito.ru//lipetsk/mebel_i_interer/divan_1977900894;29 000;р-н Правобережный;20 июля 18:17
Диван;https://www.avito.ru//lipetsk/mebel_i_interer/divan_1590129652;11 400;р-н Октябрьский;6 дней назад
Диван экокожа;https://www.avito.ru//lipetsk/mebel_i_interer/divan_ekokozha_1956747574;4 990;р-н Советский;1 неделю назад
Диван;https://www.avito.ru//lipetsk/mebel_i_interer/divan_1977666729;10 000;р-н Правобережный;3 недели назад
Диван;https://www.avito.ru//lipetsk/mebel_i_interer/divan_1603023755;15 500;р-н Советский;2 недели назад
"Угловой диван ""Премьер 2""";https://www.avito.ru//lipetsk/mebel_i_interer/uglovoy_divan_premer_2_1981000747;16 500;р-н Правобережный;3 дня назад
Диван;https://www.avito.ru//lipetsk/mebel_i_interer/divan_1961532635;18 640;р-н Октябрьский;2 недели назад
Диван;https://www.avito.ru//lipetsk/mebel_i_interer/divan_927987441;11 000;р-н Октябрьский;2 недели назад
Диван;https://www.avito.ru//lipetsk/mebel_i_interer/divan_928081886;15 500;р-н Советский;1 неделю назад
Диван;https://www.avito.ru//lipetsk/mebel_i_interer/divan_1806836996;27 900;р-н Правобережный;1 неделю назад
Диван;https://www.avito.ru//lipetsk/mebel_i_interer/divan_1846069128;10 000;р-н Октябрьский;2 недели назад
Диван;https://www.avito.ru//lipetsk/mebel_i_interer/divan_1596876679;15 000;р-н Правобережный;2 недели назад
Диван;https://www.avito.ru//lipetsk/mebel_i_interer/divan_729462288;17 280;р-н Октябрьский;1 неделю назад
Диван;https://www.avito.ru//lipetsk/mebel_i_interer/divan_853299540;21 000;р-н Октябрьский;1 неделю назад
Диван;https://www.avito.ru//lipetsk/mebel_i_interer/divan_1246747579;16 500;р-н Советский;6 дней назад
Диван;https://www.avito.ru//lipetsk/mebel_i_interer/divan_1564719871;26 600;р-н Правобережный;1 неделю назад
Диван;https://www.avito.ru//lipetsk/mebel_i_interer/divan_826322402;17 280;р-н Октябрьский;1 неделю назад
Диван;https://www.avito.ru//lipetsk/mebel_i_interer/divan_1205119288;14 500;р-н Советский;1 неделю назад
Диван;https://www.avito.ru//lipetsk/mebel_i_interer/divan_1928973880;7 900;р-н Правобережный;3 недели назад
Диван;https://www.avito.ru//lipetsk/mebel_i_interer/divan_1801355236;16 950;р-н Правобережный;2 недели назад
Диван;https://www.avito.ru//lipetsk/mebel_i_interer/divan_1865820912;11 400;р-н Октябрьский;3 недели назад
Угловой диван с баром и подсветкой;https://www.avito.ru//lipetsk/mebel_i_interer/uglovoy_divan_s_barom_i_podsvetkoy_1971610518;25 000;р-н Советский;2 недели назад
Диван кожаный;https://www.avito.ru//lipetsk/mebel_i_interer/divan_kozhanyy_1036266051;8 800;р-н Советский;2 недели назад
Диван;https://www.avito.ru//lipetsk/mebel_i_interer/divan_1027624808;9 100;р-н Правобережный;6 дней назад
Диван;https://www.avito.ru//lipetsk/mebel_i_interer/divan_937918381;11 900;р-н Правобережный;2 недели назад
Диван;https://www.avito.ru//lipetsk/mebel_i_interer/divan_982909190;6 900;р-н Правобережный;3 недели назад
Диван;https://www.avito.ru//lipetsk/mebel_i_interer/divan_1929010390;11 400;р-н Правобережный;2 недели назад
Диван;https://www.avito.ru//lipetsk/mebel_i_interer/divan_775651609;22 890;р-н Правобережный;2 недели назад
Диван;https://www.avito.ru//lipetsk/mebel_i_interer/divan_1202095746;7 600;р-н Советский;2 недели назад
Диван;https://www.avito.ru//lipetsk/mebel_i_interer/divan_1129727185;8 100;р-н Советский;1 неделю назад
Диван;https://www.avito.ru//lipetsk/mebel_i_interer/divan_822445218;17 280;р-н Правобережный;2 недели назад
Диван;https://www.avito.ru//lipetsk/mebel_i_interer/divan_1929353794;11 400;р-н Октябрьский;2 недели назад
Диван софа механизм трансформации;https://www.avito.ru//lipetsk/mebel_i_interer/divan_sofa_mehanizm_transformatsii_1810262673;8 340;р-н Правобережный;3 недели назад
Диван;https://www.avito.ru//lipetsk/mebel_i_interer/divan_1186220875;16 000;р-н Советский;1 неделю назад
Диван;https://www.avito.ru//lipetsk/mebel_i_interer/divan_994286720;7 500;р-н Советский;5 дней назад
Диван;https://www.avito.ru//lipetsk/mebel_i_interer/divan_1671247791;5 500;р-н Советский;2 недели назад
Диван;https://www.avito.ru//lipetsk/mebel_i_interer/divan_1221990407;16 000;р-н Правобережный;2 недели назад
Диван круговой;https://www.avito.ru//lipetsk/mebel_i_interer/divan_krugovoy_1833615938;8 000;р-н Советский;2 недели назад
"Диван ""Домино7""";https://www.avito.ru//lipetsk/mebel_i_interer/divan_domino7_1963477977;31 700;р-н Октябрьский;1 неделю назад
Диван кровать;https://www.avito.ru//lipetsk/mebel_i_interer/divan_krovat_1083123992;8 300;р-н Советский;2 недели назад
Диван угловой;https://www.avito.ru//lipetsk/mebel_i_interer/divan_uglovoy_976418637;19 000;р-н Советский;3 недели назад
Качественный Диван;https://www.avito.ru//lipetsk/mebel_i_interer/kachestvennyy_divan_1863099466;80 000;р-н Советский;1 неделю назад
Диван;https://www.avito.ru//lipetsk/mebel_i_interer/divan_931000371;5 500;р-н Правобережный;2 недели назад
Угловой диван;https://www.avito.ru//lipetsk/mebel_i_interer/uglovoy_divan_1077154400;17 000;р-н Советский;19 июля 19:49
Диван;https://www.avito.ru//lipetsk/mebel_i_interer/divan_1033680930;11 000;р-н Правобережный;3 недели назад
Диван;https://www.avito.ru//lipetsk/mebel_i_interer/divan_1610654469;21 290;р-н Октябрьский;2 недели назад
Диван кожаный;https://www.avito.ru//lipetsk/mebel_i_interer/divan_kozhanyy_1649703737;9 300;р-н Советский;1 неделю назад
Диван;https://www.avito.ru//lipetsk/mebel_i_interer/divan_726846767;9 700;р-н Октябрьский;2 недели назад
Диван;https://www.avito.ru//lipetsk/mebel_i_interer/divan_1009822271;6 400;р-н Советский;1 неделю назад
Диван;https://www.avito.ru//lipetsk/mebel_i_interer/divan_873107873;16 450;р-н Октябрьский;2 недели назад
Диван;https://www.avito.ru//lipetsk/mebel_i_interer/divan_919558211;17 280;р-н Октябрьский;2 недели назад
Мини диван;https://www.avito.ru//lipetsk/mebel_i_interer/mini_divan_1878202284;7 000;р-н Октябрьский;1 неделю назад
Диван Евро;https://www.avito.ru//lipetsk/mebel_i_interer/divan_evro_763972026;11 500;р-н Советский;3 недели назад
Диван;https://www.avito.ru//lipetsk/mebel_i_interer/divan_1929506028;8 900;р-н Октябрьский;3 недели назад
Диван;https://www.avito.ru//lipetsk/mebel_i_interer/divan_1466441125;21 190;р-н Правобережный;21 июля 14:38
Диван;https://www.avito.ru//lipetsk/mebel_i_interer/divan_1083056974;11 000;р-н Советский;2 недели назад
Диван в Липецке;https://www.avito.ru//lipetsk/mebel_i_interer/divan_v_lipetske_949868318;10 500;р-н Советский;3 недели назад
Угловой диван с креслом и пуфом;https://www.avito.ru//lipetsk/mebel_i_interer/uglovoy_divan_s_kreslom_i_pufom_1490460978;16 000;р-н Октябрьский;1 неделю назад
Диван;https://www.avito.ru//lipetsk/mebel_i_interer/divan_881469450;15 950;р-н Октябрьский;2 недели назад
Диван;https://www.avito.ru//lipetsk/mebel_i_interer/divan_1132759385;23 900;р-н Правобережный;2 недели назад
Диван;https://www.avito.ru//lipetsk/mebel_i_interer/divan_1072534372;12 500;р-н Правобережный;2 недели назад
Диван;https://www.avito.ru//lipetsk/mebel_i_interer/divan_736841105;10 200;р-н Правобережный;2 недели назад
Угловой диван;https://www.avito.ru//lipetsk/mebel_i_interer/uglovoy_divan_1048554986;24 500;р-н Советский;2 недели назад
Диван;https://www.avito.ru//lipetsk/mebel_i_interer/divan_1724383349;14 500;р-н Советский;3 недели назад
Диван;https://www.avito.ru//lipetsk/mebel_i_interer/divan_1447018978;6 500;р-н Советский;1 неделю назад
Диван;https://www.avito.ru//lipetsk/mebel_i_interer/divan_927107944;8 100;р-н Советский;1 неделю назад
"Диван Модульный ""Лаура 2А""";https://www.avito.ru//lipetsk/mebel_i_interer/divan_modulnyy_laura_2a_1941148758;65 000;р-н Советский;2 недели назад
"Диван-Ортопед ""Сидней""";https://www.avito.ru//lipetsk/mebel_i_interer/divan-ortoped_sidney_1941570709;31 500;р-н Советский;2 недели назад
